fact_id,entity_id,entity_name,concept,value,unit,currency,period_start,period_end,available_date,source_title,source_url,page,page_basis,source_sha256,method,confidence,audit_status,approval_status,notes
BIDCORP-2025-REV,E10,Bid Corporation,revenue,235591.182,million,ZAR,2024-07-01,2025-06-30,2025-10-30,Bidcorp Annual Integrated Report 2025,https://www.bidcorpgroup.com/pdf/reports/2025/Bidcorp-2025-AIR.pdf,18,PDF_PAGE_INDEX_1_BASED,f2516d780aff52d4a5de8be9a2f02e753e948e13450e77f2b1603784b5215c9f,direct audited summary line item,0.98,AUDITED,PENDING_REVIEW,Revenue
BIDCORP-2025-CASH,E10,Bid Corporation,cash_and_cash_equivalents,11767.619,million,ZAR,2025-06-30,2025-06-30,2025-10-30,Bidcorp Annual Integrated Report 2025,https://www.bidcorpgroup.com/pdf/reports/2025/Bidcorp-2025-AIR.pdf,19,PDF_PAGE_INDEX_1_BASED,f2516d780aff52d4a5de8be9a2f02e753e948e13450e77f2b1603784b5215c9f,direct audited summary line item,0.98,AUDITED,PENDING_REVIEW,Cash including bank overdrafts
BIDCORP-2025-CL,E10,Bid Corporation,current_liabilities,42998.668,million,ZAR,2025-06-30,2025-06-30,2025-10-30,Bidcorp Annual Integrated Report 2025,https://www.bidcorpgroup.com/pdf/reports/2025/Bidcorp-2025-AIR.pdf,19,PDF_PAGE_INDEX_1_BASED,f2516d780aff52d4a5de8be9a2f02e753e948e13450e77f2b1603784b5215c9f,direct audited summary line item,0.98,AUDITED,PENDING_REVIEW,Current liabilities
BIDVEST-2025-REV,E18,The Bidvest Group,revenue,126605.406,million,ZAR,2024-07-01,2025-06-30,2025-10-24,Bidvest Integrated Report 2025,https://bidvest.co.za/pdf/annual-reports/2025/bidvest-iar-2025.pdf,40,PDF_PAGE_INDEX_1_BASED,2a44e26a70a3c05c45814de4aba756ef39bfa15e05137f49edd3ec22b722260a,direct audited summary line item,0.98,AUDITED,PENDING_REVIEW,Continuing operations revenue
BIDVEST-2025-CASH,E18,The Bidvest Group,cash_and_cash_equivalents,6193.638,million,ZAR,2025-06-30,2025-06-30,2025-10-24,Bidvest Integrated Report 2025,https://bidvest.co.za/pdf/annual-reports/2025/bidvest-iar-2025.pdf,43,PDF_PAGE_INDEX_1_BASED,2a44e26a70a3c05c45814de4aba756ef39bfa15e05137f49edd3ec22b722260a,direct audited summary line item,0.98,AUDITED,PENDING_REVIEW,Continuing operations cash
BIDVEST-2025-DEBT,E18,The Bidvest Group,current_debt,5336.113,million,ZAR,2025-06-30,2025-06-30,2025-10-24,Bidvest Integrated Report 2025,https://bidvest.co.za/pdf/annual-reports/2025/bidvest-iar-2025.pdf,44,PDF_PAGE_INDEX_1_BASED,2a44e26a70a3c05c45814de4aba756ef39bfa15e05137f49edd3ec22b722260a,direct audited summary line item,0.98,AUDITED,PENDING_REVIEW,Short-term borrowings
PEPKOR-2025-REV,E11,Pepkor Holdings,revenue,95340,million,ZAR,2024-10-01,2025-09-30,2025-12-15,Pepkor Annual Financial Statements 2025,https://pepkor.co.za/wp-content/uploads/Pepkor-annual-financial-statements-2025.pdf,21,PDF_PAGE_INDEX_1_BASED,7715894a86e0e6b06b26b90b6e5bad3ffb85b8cd6166701bf52ddf8e053193d3,direct audited line item,0.99,AUDITED,PENDING_REVIEW,Revenue
PEPKOR-2025-CASH,E11,Pepkor Holdings,cash_and_cash_equivalents,5066,million,ZAR,2025-09-30,2025-09-30,2025-12-15,Pepkor Annual Financial Statements 2025,https://pepkor.co.za/wp-content/uploads/Pepkor-annual-financial-statements-2025.pdf,23,PDF_PAGE_INDEX_1_BASED,7715894a86e0e6b06b26b90b6e5bad3ffb85b8cd6166701bf52ddf8e053193d3,direct audited line item,0.99,AUDITED,PENDING_REVIEW,Cash and cash equivalents
PEPKOR-2025-DEBT,E11,Pepkor Holdings,current_debt,1200,million,ZAR,2025-09-30,2025-09-30,2025-12-15,Pepkor Annual Financial Statements 2025,https://pepkor.co.za/wp-content/uploads/Pepkor-annual-financial-statements-2025.pdf,23,PDF_PAGE_INDEX_1_BASED,7715894a86e0e6b06b26b90b6e5bad3ffb85b8cd6166701bf52ddf8e053193d3,direct audited line item,0.99,AUDITED,PENDING_REVIEW,Current interest-bearing loans and borrowings
MTN-2025-REV,E16,MTN Group,revenue,226707,million,ZAR,2025-01-01,2025-12-31,2026-03-16,MTN Group Annual Financial Statements 2025,https://www.mtn.com/wp-content/uploads/2026/03/MTN-Group-FY-25-Annual-Financial-Statements.pdf,21,PDF_PAGE_INDEX_1_BASED,bea72f5adefd24ecb4dd8ed36e523730e19a3efb2fa9f79b63567bc4fac2e59b,direct audited line item,0.99,AUDITED,PENDING_REVIEW,Revenue
MTN-2025-CASH,E16,MTN Group,cash_and_cash_equivalents,42625,million,ZAR,2025-12-31,2025-12-31,2026-03-16,MTN Group Annual Financial Statements 2025,https://www.mtn.com/wp-content/uploads/2026/03/MTN-Group-FY-25-Annual-Financial-Statements.pdf,23,PDF_PAGE_INDEX_1_BASED,bea72f5adefd24ecb4dd8ed36e523730e19a3efb2fa9f79b63567bc4fac2e59b,direct audited line item,0.99,AUDITED,PENDING_REVIEW,Cash and cash equivalents
MTN-2025-DEBT,E16,MTN Group,current_debt,17755,million,ZAR,2025-12-31,2025-12-31,2026-03-16,MTN Group Annual Financial Statements 2025,https://www.mtn.com/wp-content/uploads/2026/03/MTN-Group-FY-25-Annual-Financial-Statements.pdf,23,PDF_PAGE_INDEX_1_BASED,bea72f5adefd24ecb4dd8ed36e523730e19a3efb2fa9f79b63567bc4fac2e59b,direct audited line item,0.99,AUDITED,PENDING_REVIEW,Current borrowings
AA-2025-REV,E03,Anglo American,revenue,18546,million,USD,2025-01-01,2025-12-31,2026-03-02,Anglo American Integrated Annual Report 2025,https://www.angloamerican.com/~/media/Files/A/Anglo-American-Group-v9/PLC/investors/annual-reporting/2025/aa-annual-report-full-2025.pdf,272,PDF_PAGE_INDEX_1_BASED,362b9ebb43ca8ce3cf0a87f5ba174047ab499c4cd8f5a48eeb1bf83530a176fb,direct audited line item,0.99,AUDITED,PENDING_REVIEW,Continuing operations revenue
AA-2025-CASH,E03,Anglo American,cash_and_cash_equivalents,6436,million,USD,2025-12-31,2025-12-31,2026-03-02,Anglo American Integrated Annual Report 2025,https://www.angloamerican.com/~/media/Files/A/Anglo-American-Group-v9/PLC/investors/annual-reporting/2025/aa-annual-report-full-2025.pdf,274,PDF_PAGE_INDEX_1_BASED,362b9ebb43ca8ce3cf0a87f5ba174047ab499c4cd8f5a48eeb1bf83530a176fb,direct audited line item,0.99,AUDITED,PENDING_REVIEW,Cash and cash equivalents
AA-2025-DEBT,E03,Anglo American,current_debt,1075,million,USD,2025-12-31,2025-12-31,2026-03-02,Anglo American Integrated Annual Report 2025,https://www.angloamerican.com/~/media/Files/A/Anglo-American-Group-v9/PLC/investors/annual-reporting/2025/aa-annual-report-full-2025.pdf,274,PDF_PAGE_INDEX_1_BASED,362b9ebb43ca8ce3cf0a87f5ba174047ab499c4cd8f5a48eeb1bf83530a176fb,direct audited line item,0.99,AUDITED,PENDING_REVIEW,Short-term borrowings
AGA-2025-REV,E04,AngloGold Ashanti,revenue,9893,million,USD,2025-01-01,2025-12-31,2026-03-26,AngloGold Ashanti Annual Report 2025,https://reports.anglogoldashanti.com/25/download/AGA-AR25.pdf,158,PDF_PAGE_INDEX_1_BASED,958d89150d1125af3eb9032ac7f3c9da2c22c8bfd67e8447c688c8ad0c21dd35,direct audited line item,0.99,AUDITED,PENDING_REVIEW,Revenue from product sales
AGA-2025-CASH,E04,AngloGold Ashanti,cash_and_cash_equivalents,2905,million,USD,2025-12-31,2025-12-31,2026-03-26,AngloGold Ashanti Annual Report 2025,https://reports.anglogoldashanti.com/25/download/AGA-AR25.pdf,160,PDF_PAGE_INDEX_1_BASED,958d89150d1125af3eb9032ac7f3c9da2c22c8bfd67e8447c688c8ad0c21dd35,direct audited line item,0.99,AUDITED,PENDING_REVIEW,Cash and cash equivalents
AGA-2025-DEBT,E04,AngloGold Ashanti,current_debt,19,million,USD,2025-12-31,2025-12-31,2026-03-26,AngloGold Ashanti Annual Report 2025,https://reports.anglogoldashanti.com/25/download/AGA-AR25.pdf,160,PDF_PAGE_INDEX_1_BASED,958d89150d1125af3eb9032ac7f3c9da2c22c8bfd67e8447c688c8ad0c21dd35,direct audited line item,0.99,AUDITED,PENDING_REVIEW,Current borrowings
SANLAM-2024-INSREV,E08,Sanlam,insurance_revenue,93475,million,ZAR,2024-01-01,2024-12-31,2025-03-07,Sanlam Annual Financial Statements 2024,https://www.sanlam.com/downloads/integrated-report-and-annual-financial-statements/2024/Sanlam-AFS-2024-spreads.pdf,42,PDF_PAGE_INDEX_1_BASED,fc2487f72420917e9c52f78bc4a7800a1e4270781aa2117632f69680b4ca14da,direct audited line item,0.99,AUDITED,PENDING_REVIEW,Insurance revenue
SANLAM-2024-CASH,E08,Sanlam,cash_and_cash_equivalents,34602,million,ZAR,2024-12-31,2024-12-31,2025-03-07,Sanlam Annual Financial Statements 2024,https://www.sanlam.com/downloads/integrated-report-and-annual-financial-statements/2024/Sanlam-AFS-2024-spreads.pdf,42,PDF_PAGE_INDEX_1_BASED,fc2487f72420917e9c52f78bc4a7800a1e4270781aa2117632f69680b4ca14da,direct audited line item,0.99,AUDITED,PENDING_REVIEW,Cash and cash equivalents
SANLAM-2024-TERM,E08,Sanlam,term_finance,19769,million,ZAR,2024-12-31,2024-12-31,2025-03-07,Sanlam Annual Financial Statements 2024,https://www.sanlam.com/downloads/integrated-report-and-annual-financial-statements/2024/Sanlam-AFS-2024-spreads.pdf,42,PDF_PAGE_INDEX_1_BASED,fc2487f72420917e9c52f78bc4a7800a1e4270781aa2117632f69680b4ca14da,direct audited line item,0.99,AUDITED,PENDING_REVIEW,Term finance
GF-2025-REV,E05,Gold Fields,revenue,8751.3,million,USD,2025-01-01,2025-12-31,2026-03-27,Gold Fields Annual Financial Report 2025,https://www.goldfields.com/pdf/investors/integrated-annual-reports/2025/afs-2025.pdf,72,PDF_PAGE_INDEX_1_BASED,0819d8e37085aaa5adb8305c3bcdd5b5a9631cf40f594950beaeb6c77077fc0a,direct audited line item,0.99,AUDITED,PENDING_REVIEW,Revenue
GF-2025-CASH,E05,Gold Fields,cash_and_cash_equivalents,1779.2,million,USD,2025-12-31,2025-12-31,2026-03-27,Gold Fields Annual Financial Report 2025,https://www.goldfields.com/pdf/investors/integrated-annual-reports/2025/afs-2025.pdf,74,PDF_PAGE_INDEX_1_BASED,0819d8e37085aaa5adb8305c3bcdd5b5a9631cf40f594950beaeb6c77077fc0a,direct audited line item,0.99,AUDITED,PENDING_REVIEW,Cash and cash equivalents
GF-2025-DEBT,E05,Gold Fields,current_debt,178.7,million,USD,2025-12-31,2025-12-31,2026-03-27,Gold Fields Annual Financial Report 2025,https://www.goldfields.com/pdf/investors/integrated-annual-reports/2025/afs-2025.pdf,74,PDF_PAGE_INDEX_1_BASED,0819d8e37085aaa5adb8305c3bcdd5b5a9631cf40f594950beaeb6c77077fc0a,direct audited line item,0.99,AUDITED,PENDING_REVIEW,Current portion of borrowings
ASPEN-2025-REV,E19,Aspen Pharmacare,revenue,43363,million,ZAR,2024-07-01,2025-06-30,2025-10-02,Aspen Annual Financial Statements 2025,https://www.aspenpharma.com/download/annual-financial-statements-2/,16,PDF_PAGE_INDEX_1_BASED,a091fee4d4b575781836440b929291617c128f8f857b2dd0a7e0dfb4c1bcc53d,direct audited line item,0.99,AUDITED,PENDING_REVIEW,Revenue
ASPEN-2025-CASH,E19,Aspen Pharmacare,cash_and_cash_equivalents,6409,million,ZAR,2025-06-30,2025-06-30,2025-10-02,Aspen Annual Financial Statements 2025,https://www.aspenpharma.com/download/annual-financial-statements-2/,15,PDF_PAGE_INDEX_1_BASED,a091fee4d4b575781836440b929291617c128f8f857b2dd0a7e0dfb4c1bcc53d,direct audited line item,0.99,AUDITED,PENDING_REVIEW,Cash and cash equivalents
ASPEN-2025-DEBT,E19,Aspen Pharmacare,current_debt,4612,million,ZAR,2025-06-30,2025-06-30,2025-10-02,Aspen Annual Financial Statements 2025,https://www.aspenpharma.com/download/annual-financial-statements-2/,15,PDF_PAGE_INDEX_1_BASED,a091fee4d4b575781836440b929291617c128f8f857b2dd0a7e0dfb4c1bcc53d,direct audited line item,0.99,AUDITED,PENDING_REVIEW,Current borrowings
VALTERRA-2025-REV,E06,Valterra Platinum,revenue,116330,million,ZAR,2025-01-01,2025-12-31,2026-03-27,Valterra Platinum Annual Financial Statements 2025,https://www.valterraplatinum.com/wp-content/uploads/2026/05/annual-financial-statements-2025.pdf,24,PDF_PAGE_INDEX_1_BASED,84ab45295a07c93d3fa39a24962c05ac600f45ed2c9683b16b4dc2cc7ba170f8,direct audited line item,0.99,AUDITED,PENDING_REVIEW,Net revenue
VALTERRA-2025-CASH,E06,Valterra Platinum,cash_and_cash_equivalents,16602,million,ZAR,2025-12-31,2025-12-31,2026-03-27,Valterra Platinum Annual Financial Statements 2025,https://www.valterraplatinum.com/wp-content/uploads/2026/05/annual-financial-statements-2025.pdf,25,PDF_PAGE_INDEX_1_BASED,84ab45295a07c93d3fa39a24962c05ac600f45ed2c9683b16b4dc2cc7ba170f8,direct audited line item,0.99,AUDITED,PENDING_REVIEW,Cash and cash equivalents
VALTERRA-2025-DEBT,E06,Valterra Platinum,current_debt,4046,million,ZAR,2025-12-31,2025-12-31,2026-03-27,Valterra Platinum Annual Financial Statements 2025,https://www.valterraplatinum.com/wp-content/uploads/2026/05/annual-financial-statements-2025.pdf,25,PDF_PAGE_INDEX_1_BASED,84ab45295a07c93d3fa39a24962c05ac600f45ed2c9683b16b4dc2cc7ba170f8,direct audited line item,0.99,AUDITED,PENDING_REVIEW,Current borrowings
VODACOM-2026-REV,E17,Vodacom Group,revenue,167652,million,ZAR,2025-04-01,2026-03-31,2026-06-12,Vodacom Consolidated and Separate Financial Statements 2026,https://vodacom-reports.co.za/integrated-reports/ir-2026/documents/vodacom-consolidated-and-separate-financial-statements-2026.pdf,19,PDF_PAGE_INDEX_1_BASED,d6f149d15a1e7a0edc82acd536f2d59644e2c9acce621a65878aa322390fd896,direct audited line item,0.99,AUDITED,PENDING_REVIEW,Revenue
VODACOM-2026-CASH,E17,Vodacom Group,cash_and_cash_equivalents,31209,million,ZAR,2026-03-31,2026-03-31,2026-06-12,Vodacom Consolidated and Separate Financial Statements 2026,https://vodacom-reports.co.za/integrated-reports/ir-2026/documents/vodacom-consolidated-and-separate-financial-statements-2026.pdf,21,PDF_PAGE_INDEX_1_BASED,d6f149d15a1e7a0edc82acd536f2d59644e2c9acce621a65878aa322390fd896,direct audited line item,0.99,AUDITED,PENDING_REVIEW,Bank and cash balances
VODACOM-2026-DEBT,E17,Vodacom Group,current_debt,8781,million,ZAR,2026-03-31,2026-03-31,2026-06-12,Vodacom Consolidated and Separate Financial Statements 2026,https://vodacom-reports.co.za/integrated-reports/ir-2026/documents/vodacom-consolidated-and-separate-financial-statements-2026.pdf,21,PDF_PAGE_INDEX_1_BASED,d6f149d15a1e7a0edc82acd536f2d59644e2c9acce621a65878aa322390fd896,direct audited line item,0.99,AUDITED,PENDING_REVIEW,Current borrowings
PROSUS-2026-REV,E14,Prosus,revenue,9705,million,USD,2025-04-01,2026-03-31,2026-06-29,Prosus Annual Report 2026,https://www.prosus.com/~/media/Files/P/prosus-corp-v2/results-reports-and-events-archive/annual-report/2026/fy2026-annual-report.pdf,141,PDF_PAGE_INDEX_1_BASED,3ea6278d374118f72fe41ac635d4b622bc1b59be44f5db9c0a7bc321ceabf077,direct audited line item,0.99,AUDITED,PENDING_REVIEW,Continuing operations revenue
PROSUS-2026-CASH,E14,Prosus,cash_and_cash_equivalents,6682,million,USD,2026-03-31,2026-03-31,2026-06-29,Prosus Annual Report 2026,https://www.prosus.com/~/media/Files/P/prosus-corp-v2/results-reports-and-events-archive/annual-report/2026/fy2026-annual-report.pdf,140,PDF_PAGE_INDEX_1_BASED,3ea6278d374118f72fe41ac635d4b622bc1b59be44f5db9c0a7bc321ceabf077,direct audited line item,0.99,AUDITED,PENDING_REVIEW,Cash and cash equivalents
PROSUS-2026-DEBT,E14,Prosus,current_debt,1953,million,USD,2026-03-31,2026-03-31,2026-06-29,Prosus Annual Report 2026,https://www.prosus.com/~/media/Files/P/prosus-corp-v2/results-reports-and-events-archive/annual-report/2026/fy2026-annual-report.pdf,140,PDF_PAGE_INDEX_1_BASED,3ea6278d374118f72fe41ac635d4b622bc1b59be44f5db9c0a7bc321ceabf077,direct audited line item,0.99,AUDITED,PENDING_REVIEW,Current portion of long-term liabilities
NASPERS-2026-REV,E15,Naspers,revenue,10848,million,USD,2025-04-01,2026-03-31,2026-06-29,Naspers Annual Financial Statements 2026,https://www.naspers.com/~/media/Files/N/Naspers-Corp-V2/results-reports-and-events-archive/latest-results/fy-2026/naspers-annual-financial-statements-2026.pdf,33,PDF_PAGE_INDEX_1_BASED,e0d23733f611c2b81f2b8c7362c492178fe52b3109472db1e08efe824298f17b,direct audited line item,0.99,AUDITED,PENDING_REVIEW,Continuing operations revenue
NASPERS-2026-CASH,E15,Naspers,cash_and_cash_equivalents,6820,million,USD,2026-03-31,2026-03-31,2026-06-29,Naspers Annual Financial Statements 2026,https://www.naspers.com/~/media/Files/N/Naspers-Corp-V2/results-reports-and-events-archive/latest-results/fy-2026/naspers-annual-financial-statements-2026.pdf,32,PDF_PAGE_INDEX_1_BASED,e0d23733f611c2b81f2b8c7362c492178fe52b3109472db1e08efe824298f17b,direct audited line item,0.99,AUDITED,PENDING_REVIEW,Cash and cash equivalents
NASPERS-2026-DEBT,E15,Naspers,current_debt,1987,million,USD,2026-03-31,2026-03-31,2026-06-29,Naspers Annual Financial Statements 2026,https://www.naspers.com/~/media/Files/N/Naspers-Corp-V2/results-reports-and-events-archive/latest-results/fy-2026/naspers-annual-financial-statements-2026.pdf,32,PDF_PAGE_INDEX_1_BASED,e0d23733f611c2b81f2b8c7362c492178fe52b3109472db1e08efe824298f17b,direct audited line item,0.99,AUDITED,PENDING_REVIEW,Current portion of long-term liabilities
CLICKS-2025-REV,E12,Clicks Group,revenue,51426.992,million,ZAR,2024-09-01,2025-08-31,2025-11-06,Clicks Group Annual Financial Statements 2025,https://clicksgroup.co.za/iar2025/wp-content/uploads/CGL-YE25-Annual-financial-statements.pdf,10,PDF_PAGE_INDEX_1_BASED,664c3ce033c0d36157277ae5ef9f28a933edd4acebc8cec649069cd20d9c576d,direct audited line item,0.99,AUDITED,PENDING_REVIEW,Revenue
CLICKS-2025-CASH,E12,Clicks Group,cash_and_cash_equivalents,3255.770,million,ZAR,2025-08-31,2025-08-31,2025-11-06,Clicks Group Annual Financial Statements 2025,https://clicksgroup.co.za/iar2025/wp-content/uploads/CGL-YE25-Annual-financial-statements.pdf,10,PDF_PAGE_INDEX_1_BASED,664c3ce033c0d36157277ae5ef9f28a933edd4acebc8cec649069cd20d9c576d,direct audited line item,0.99,AUDITED,PENDING_REVIEW,Cash and cash equivalents
CLICKS-2025-PAY,E12,Clicks Group,trade_payables,10912.537,million,ZAR,2025-08-31,2025-08-31,2025-11-06,Clicks Group Annual Financial Statements 2025,https://clicksgroup.co.za/iar2025/wp-content/uploads/CGL-YE25-Annual-financial-statements.pdf,10,PDF_PAGE_INDEX_1_BASED,664c3ce033c0d36157277ae5ef9f28a933edd4acebc8cec649069cd20d9c576d,direct audited line item,0.99,AUDITED,PENDING_REVIEW,Trade and other payables
OUT-2025-REV,E07,OUTsurance Group,insurance_revenue,37131,million,ZAR,2024-07-01,2025-06-30,2025-09-15,OUTsurance Group Annual Financial Statements 2025,https://group.outsurance.co.za/globalassets/documents/investor-relations/reports-and-results/2025/ogl-annual-financial-statements-2025.pdf,19,PDF_PAGE_INDEX_1_BASED,3f03545e101a357d73e3f26863473adc341b4b0382ab2b8248b322900ef38b3c,direct audited line item,0.99,AUDITED,PENDING_REVIEW,Insurance revenue
OUT-2025-CASH,E07,OUTsurance Group,cash_and_cash_equivalents,1865,million,ZAR,2025-06-30,2025-06-30,2025-09-15,OUTsurance Group Annual Financial Statements 2025,https://group.outsurance.co.za/globalassets/documents/investor-relations/reports-and-results/2025/ogl-annual-financial-statements-2025.pdf,21,PDF_PAGE_INDEX_1_BASED,3f03545e101a357d73e3f26863473adc341b4b0382ab2b8248b322900ef38b3c,direct audited line item,0.99,AUDITED,PENDING_REVIEW,Cash and cash equivalents
OUT-2025-INS-LIAB,E07,OUTsurance Group,insurance_liabilities,16229,million,ZAR,2025-06-30,2025-06-30,2025-09-15,OUTsurance Group Annual Financial Statements 2025,https://group.outsurance.co.za/globalassets/documents/investor-relations/reports-and-results/2025/ogl-annual-financial-statements-2025.pdf,21,PDF_PAGE_INDEX_1_BASED,3f03545e101a357d73e3f26863473adc341b4b0382ab2b8248b322900ef38b3c,direct audited line item,0.99,AUDITED,PENDING_REVIEW,Insurance liabilities
NEPI-2025-REV,E13,NEPI Rockcastle,gross_rental_income,624.348,million,EUR,2025-01-01,2025-12-31,2026-03-18,NEPI Rockcastle Annual Report 2025,https://nepirockcastle.com/wp-content/uploads/2026/03/NEPI_Rockcastle_Annual_Report_2025.pdf,311,PDF_PAGE_INDEX_1_BASED,4124bee2bfb55a181cda56963bd733605a2cc53a7882b1d6108358b33da479f3,direct audited line item,0.99,AUDITED,PENDING_REVIEW,Gross rental income
NEPI-2025-CASH,E13,NEPI Rockcastle,cash_and_cash_equivalents,313.994,million,EUR,2025-12-31,2025-12-31,2026-03-18,NEPI Rockcastle Annual Report 2025,https://nepirockcastle.com/wp-content/uploads/2026/03/NEPI_Rockcastle_Annual_Report_2025.pdf,310,PDF_PAGE_INDEX_1_BASED,4124bee2bfb55a181cda56963bd733605a2cc53a7882b1d6108358b33da479f3,direct audited line item,0.99,AUDITED,PENDING_REVIEW,Cash and cash equivalents
NEPI-2025-DEBT,E13,NEPI Rockcastle,current_debt,284.059,million,EUR,2025-12-31,2025-12-31,2026-03-18,NEPI Rockcastle Annual Report 2025,https://nepirockcastle.com/wp-content/uploads/2026/03/NEPI_Rockcastle_Annual_Report_2025.pdf,310,PDF_PAGE_INDEX_1_BASED,4124bee2bfb55a181cda56963bd733605a2cc53a7882b1d6108358b33da479f3,direct audited line item,0.99,AUDITED,PENDING_REVIEW,Current bonds
SHC-2025-REV,E20,Shaftesbury Capital plc,revenue,238.9,million,GBP,2025-01-01,2025-12-31,2026-02-25,Shaftesbury Capital Audited Preliminary Results 2025,https://senspdf.jse.co.za/documents/2026/JSE/isse/SHCE/FY25Result.pdf,21,PDF_PAGE_INDEX_1_BASED,71bcff13a20668eea8842f5ef28273ba787b0042b2fe7e1ea9faeb03b581ed53,direct audited preliminary line item,0.98,AUDITED,PENDING_REVIEW,Revenue
SHC-2025-CASH,E20,Shaftesbury Capital plc,cash_and_cash_equivalents,361.4,million,GBP,2025-12-31,2025-12-31,2026-02-25,Shaftesbury Capital Audited Preliminary Results 2025,https://senspdf.jse.co.za/documents/2026/JSE/isse/SHCE/FY25Result.pdf,22,PDF_PAGE_INDEX_1_BASED,71bcff13a20668eea8842f5ef28273ba787b0042b2fe7e1ea9faeb03b581ed53,direct audited preliminary line item,0.98,AUDITED,PENDING_REVIEW,Cash and cash equivalents
SHC-2025-DEBT,E20,Shaftesbury Capital plc,current_debt,438.4,million,GBP,2025-12-31,2025-12-31,2026-02-25,Shaftesbury Capital Audited Preliminary Results 2025,https://senspdf.jse.co.za/documents/2026/JSE/isse/SHCE/FY25Result.pdf,22,PDF_PAGE_INDEX_1_BASED,71bcff13a20668eea8842f5ef28273ba787b0042b2fe7e1ea9faeb03b581ed53,direct audited preliminary line item,0.98,AUDITED,PENDING_REVIEW,Current borrowings
